,x,y,timestamp,pre_x,pre_y,class,class_line,stroke_id,word_id,line_id
0,236.9375,1148.14367676,1502225403.88,236.671875,1148.14367676,1,1,1,55,11
1,237.0,1147.1640625,1502225403.88,236.9375,1148.14367676,1,1,1,55,11
2,237.0625,1146.35107422,1502225403.89,237.0,1147.1640625,1,1,1,55,11
3,237.0625,1145.76757812,1502225403.89,237.0625,1146.35107422,1,1,1,55,11
4,237.0625,1145.22558594,1502225403.9,237.0625,1145.76757812,1,1,1,55,11
5,237.0625,1144.64196777,1502225403.9,237.0625,1145.22558594,1,1,1,55,11
6,237.0625,1144.10009766,1502225403.91,237.0625,1144.64196777,1,1,1,55,11
7,237.0625,1143.57897949,1502225403.91,237.0625,1144.10009766,1,1,1,55,11
8,237.0625,1143.05786133,1502225403.91,237.0625,1143.57897949,1,1,1,55,11
9,237.125,1142.51586914,1502225403.92,237.0625,1143.05786133,1,1,1,55,11
10,237.125,1142.18237305,1502225403.92,237.125,1142.51586914,1,1,1,55,11
11,237.203125,1141.84887695,1502225403.93,237.125,1142.18237305,1,1,1,55,11
12,237.265625,1141.59887695,1502225403.93,237.203125,1141.84887695,1,1,1,55,11
13,237.328125,1141.39038086,1502225403.93,237.265625,1141.59887695,1,1,1,55,11
14,237.328125,1141.26538086,1502225403.94,237.328125,1141.39038086,1,1,1,55,11
15,237.328125,1141.14025879,1502225403.94,237.328125,1141.26538086,1,1,1,55,11
16,237.328125,1141.05688477,1502225403.95,237.328125,1141.14025879,1,1,1,55,11
17,237.328125,1141.05688477,1502225403.95,237.328125,1141.05688477,1,1,1,55,11
18,237.328125,1141.05688477,1502225403.96,237.328125,1141.05688477,1,1,1,55,11
19,237.328125,1141.05688477,1502225403.96,237.328125,1141.05688477,1,1,1,55,11
20,237.328125,1141.05688477,1502225403.96,237.328125,1141.05688477,1,1,1,55,11
21,237.328125,1141.05688477,1502225403.97,237.328125,1141.05688477,1,1,1,55,11
22,236.796875,1141.05688477,1502225403.97,237.328125,1141.05688477,1,1,1,55,11
23,235.9375,1141.32788086,1502225403.98,236.796875,1141.05688477,1,1,1,55,11
24,234.875,1141.84887695,1502225403.98,235.9375,1141.32788086,1,1,1,55,11
25,233.484375,1142.72436523,1502225403.98,234.875,1141.84887695,1,1,1,55,11
26,232.09375,1143.57897949,1502225403.99,233.484375,1142.72436523,1,1,1,55,11
27,230.296875,1144.97546387,1502225403.99,232.09375,1143.57897949,1,1,1,55,11
28,229.171875,1146.16357422,1502225404.0,230.296875,1144.97546387,1,1,1,55,11
29,227.703125,1148.01855469,1502225404.0,229.171875,1146.16357422,1,1,1,55,11
30,226.375,1150.0612793,1502225404.01,227.703125,1148.01855469,1,1,1,55,11
31,225.3125,1152.24987793,1502225404.01,226.375,1150.0612793,1,1,1,55,11
32,224.59375,1154.37585449,1502225404.01,225.3125,1152.24987793,1,1,1,55,11
33,223.921875,1156.89794922,1502225404.02,224.59375,1154.37585449,1,1,1,55,11
34,223.46875,1159.39916992,1502225404.02,223.921875,1156.89794922,1,1,1,55,11
35,223.203125,1162.12963867,1502225404.03,223.46875,1159.39916992,1,1,1,55,11
36,223.0,1164.96435547,1502225404.03,223.203125,1162.12963867,1,1,1,55,11
37,223.0,1167.4239502,1502225404.03,223.0,1164.96435547,1,1,1,55,11
38,223.0,1169.9251709,1502225404.04,223.0,1167.4239502,1,1,1,55,11
39,223.203125,1172.44726562,1502225404.04,223.0,1169.9251709,1,1,1,55,11
40,223.734375,1174.76086426,1502225404.05,223.203125,1172.44726562,1,1,1,55,11
41,224.265625,1176.82434082,1502225404.05,223.734375,1174.76086426,1,1,1,55,11
42,224.984375,1179.20043945,1502225404.06,224.265625,1176.82434082,1,1,1,55,11
43,225.65625,1181.38903809,1502225404.06,224.984375,1179.20043945,1,1,1,55,11
44,226.1875,1183.11914062,1502225404.06,225.65625,1181.38903809,1,1,1,55,11
45,226.84375,1185.37011719,1502225404.07,226.1875,1183.11914062,1,1,1,55,11
46,227.25,1186.9543457,1502225404.07,226.84375,1185.37011719,1,1,1,55,11
47,227.640625,1188.47583008,1502225404.08,227.25,1186.9543457,1,1,1,55,11
48,228.109375,1190.18505859,1502225404.08,227.640625,1188.47583008,1,1,1,55,11
49,228.5,1191.51904297,1502225404.08,228.109375,1190.18505859,1,1,1,55,11
50,228.84375,1192.76965332,1502225404.09,228.5,1191.51904297,1,1,1,55,11
51,229.171875,1193.97851562,1502225404.09,228.84375,1192.76965332,1,1,1,55,11
52,229.375,1194.77062988,1502225404.1,229.171875,1193.97851562,1,1,1,55,11
53,229.640625,1195.56262207,1502225404.1,229.375,1194.77062988,1,1,1,55,11
54,229.765625,1196.22961426,1502225404.11,229.640625,1195.56262207,1,1,1,55,11
55,229.90625,1196.68823242,1502225404.11,229.765625,1196.22961426,1,1,1,55,11
56,230.03125,1197.02172852,1502225404.11,229.90625,1196.68823242,1,1,1,55,11
57,230.09375,1197.27185059,1502225404.12,230.03125,1197.02172852,1,1,1,55,11
58,230.15625,1197.48022461,1502225404.12,230.09375,1197.27185059,1,1,1,55,11
59,230.234375,1197.60534668,1502225404.13,230.15625,1197.48022461,1,1,1,55,11
60,230.234375,1197.66784668,1502225404.13,230.234375,1197.60534668,1,1,1,55,11
61,230.234375,1197.66784668,1502225404.13,230.234375,1197.66784668,1,1,1,55,11
62,230.234375,1197.66784668,1502225404.14,230.234375,1197.66784668,1,1,1,55,11
63,230.234375,1197.60534668,1502225404.14,230.234375,1197.66784668,1,1,1,55,11
64,230.15625,1197.27185059,1502225404.15,230.234375,1197.60534668,1,1,1,55,11
65,229.765625,1196.75073242,1502225404.15,230.15625,1197.27185059,1,1,1,55,11
66,215.4375,1180.93054199,1502225404.23,215.4375,1196.75073242,1,1,2,55,11
67,215.4375,1180.47192383,1502225404.23,215.4375,1180.93054199,1,1,2,55,11
68,215.4375,1179.99255371,1502225404.23,215.4375,1180.47192383,1,1,2,55,11
69,215.4375,1179.65905762,1502225404.24,215.4375,1179.99255371,1,1,2,55,11
70,215.4375,1179.40893555,1502225404.24,215.4375,1179.65905762,1,1,2,55,11
71,215.4375,1179.20043945,1502225404.25,215.4375,1179.40893555,1,1,2,55,11
72,215.4375,1179.01293945,1502225404.25,215.4375,1179.20043945,1,1,2,55,11
73,215.4375,1178.86694336,1502225404.26,215.4375,1179.01293945,1,1,2,55,11
74,215.4375,1178.74194336,1502225404.26,215.4375,1178.86694336,1,1,2,55,11
75,215.4375,1178.61694336,1502225404.26,215.4375,1178.74194336,1,1,2,55,11
76,215.4375,1178.47094727,1502225404.27,215.4375,1178.61694336,1,1,2,55,11
77,215.703125,1178.40844727,1502225404.27,215.4375,1178.47094727,1,1,2,55,11
78,216.15625,1178.28344727,1502225404.28,215.703125,1178.40844727,1,1,2,55,11
79,216.828125,1178.07495117,1502225404.28,216.15625,1178.28344727,1,1,2,55,11
80,217.75,1177.80395508,1502225404.28,216.828125,1178.07495117,1,1,2,55,11
81,218.890625,1177.55383301,1502225404.29,217.75,1177.80395508,1,1,2,55,11
82,220.40625,1177.15783691,1502225404.29,218.890625,1177.55383301,1,1,2,55,11
83,221.9375,1176.76184082,1502225404.3,220.40625,1177.15783691,1,1,2,55,11
84,223.921875,1176.15734863,1502225404.3,221.9375,1176.76184082,1,1,2,55,11
85,226.25,1175.49035645,1502225404.31,223.921875,1176.15734863,1,1,2,55,11
86,228.703125,1174.90673828,1502225404.31,226.25,1175.49035645,1,1,2,55,11
87,230.953125,1174.30224609,1502225404.31,228.703125,1174.90673828,1,1,2,55,11
88,233.609375,1173.69775391,1502225404.32,230.953125,1174.30224609,1,1,2,55,11
89,236.140625,1173.23925781,1502225404.32,233.609375,1173.69775391,1,1,2,55,11
90,238.796875,1172.78076172,1502225404.33,236.140625,1173.23925781,1,1,2,55,11
91,256.234375,1152.70837402,1502225404.77,256.234375,1172.78076172,1,1,3,55,11
92,256.234375,1152.12475586,1502225404.77,256.234375,1152.70837402,1,1,3,55,11
93,255.84375,1151.58288574,1502225404.78,256.234375,1152.12475586,1,1,3,55,11
94,255.4375,1151.33276367,1502225404.78,255.84375,1151.58288574,1,1,3,55,11
95,254.90625,1151.06176758,1502225404.78,255.4375,1151.33276367,1,1,3,55,11
96,254.453125,1150.93676758,1502225404.79,254.90625,1151.06176758,1,1,3,55,11
97,254.046875,1150.87414551,1502225404.79,254.453125,1150.93676758,1,1,3,55,11
98,253.71875,1150.79077148,1502225404.8,254.046875,1150.87414551,1,1,3,55,11
99,253.453125,1150.79077148,1502225404.8,253.71875,1150.79077148,1,1,3,55,11
100,253.0625,1150.79077148,1502225404.8,253.453125,1150.79077148,1,1,3,55,11
101,252.53125,1150.79077148,1502225404.81,253.0625,1150.79077148,1,1,3,55,11
102,252.0,1150.99926758,1502225404.81,252.53125,1150.79077148,1,1,3,55,11
103,251.203125,1151.66625977,1502225404.82,252.0,1150.99926758,1,1,3,55,11
104,250.265625,1152.58337402,1502225404.82,251.203125,1151.66625977,1,1,3,55,11
105,249.140625,1153.9173584,1502225404.83,250.265625,1152.58337402,1,1,3,55,11
106,247.875,1155.43896484,1502225404.83,249.140625,1153.9173584,1,1,3,55,11
107,246.6875,1157.08557129,1502225404.83,247.875,1155.43896484,1,1,3,55,11
108,245.296875,1159.33666992,1502225404.84,246.6875,1157.08557129,1,1,3,55,11
109,244.09375,1161.71276855,1502225404.84,245.296875,1159.33666992,1,1,3,55,11
110,243.171875,1163.98474121,1502225404.85,244.09375,1161.71276855,1,1,3,55,11
111,242.171875,1166.63183594,1502225404.85,243.171875,1163.98474121,1,1,3,55,11
112,241.375,1169.13305664,1502225404.85,242.171875,1166.63183594,1,1,3,55,11
113,240.640625,1171.71765137,1502225404.86,241.375,1169.13305664,1,1,3,55,11
114,239.984375,1174.17724609,1502225404.86,240.640625,1171.71765137,1,1,3,55,11
115,239.453125,1176.82434082,1502225404.87,239.984375,1174.17724609,1,1,3,55,11
116,239.0625,1179.20043945,1502225404.87,239.453125,1176.82434082,1,1,3,55,11
117,238.796875,1181.45166016,1502225404.88,239.0625,1179.20043945,1,1,3,55,11
118,238.65625,1183.76525879,1502225404.88,238.796875,1181.45166016,1,1,3,55,11
119,238.65625,1185.62036133,1502225404.88,238.65625,1183.76525879,1,1,3,55,11
120,238.65625,1187.4753418,1502225404.89,238.65625,1185.62036133,1,1,3,55,11
121,238.984375,1189.20532227,1502225404.89,238.65625,1187.4753418,1,1,3,55,11
122,239.578125,1190.60192871,1502225404.9,238.984375,1189.20532227,1,1,3,55,11
123,240.453125,1191.85253906,1502225404.9,239.578125,1190.60192871,1,1,3,55,11
124,241.578125,1193.04052734,1502225404.9,240.453125,1191.85253906,1,1,3,55,11
125,242.96875,1193.97851562,1502225404.91,241.578125,1193.04052734,1,1,3,55,11
126,244.5,1194.62475586,1502225404.91,242.96875,1193.97851562,1,1,3,55,11
127,246.625,1195.16662598,1502225404.92,244.5,1194.62475586,1,1,3,55,11
128,248.671875,1195.29174805,1502225404.92,246.625,1195.16662598,1,1,3,55,11
129,250.734375,1195.35424805,1502225404.93,248.671875,1195.29174805,1,1,3,55,11
130,253.125,1195.35424805,1502225404.93,250.734375,1195.35424805,1,1,3,55,11
131,276.484375,1167.4864502,1502225405.03,276.40625,1195.35424805,1,1,4,55,11
132,276.484375,1166.42346191,1502225405.03,276.484375,1167.4864502,1,1,4,55,11
133,276.484375,1165.56884766,1502225405.04,276.484375,1166.42346191,1,1,4,55,11
134,276.140625,1164.96435547,1502225405.04,276.484375,1165.56884766,1,1,4,55,11
135,275.609375,1164.63085938,1502225405.05,276.140625,1164.96435547,1,1,4,55,11
136,275.078125,1164.44335938,1502225405.05,275.609375,1164.63085938,1,1,4,55,11
137,274.546875,1164.3807373,1502225405.05,275.078125,1164.44335938,1,1,4,55,11
138,274.015625,1164.3807373,1502225405.06,274.546875,1164.3807373,1,1,4,55,11
139,273.421875,1164.3807373,1502225405.06,274.015625,1164.3807373,1,1,4,55,11
140,272.5,1164.3807373,1502225405.07,273.421875,1164.3807373,1,1,4,55,11
141,271.703125,1164.50585938,1502225405.07,272.5,1164.3807373,1,1,4,55,11
142,270.765625,1165.02685547,1502225405.08,271.703125,1164.50585938,1,1,4,55,11
143,269.78125,1165.69384766,1502225405.08,270.765625,1165.02685547,1,1,4,55,11
144,268.84375,1166.42346191,1502225405.08,269.78125,1165.69384766,1,1,4,55,11
145,267.921875,1167.2154541,1502225405.09,268.84375,1166.42346191,1,1,4,55,11
146,266.984375,1168.21594238,1502225405.09,267.921875,1167.2154541,1,1,4,55,11
147,266.265625,1169.13305664,1502225405.1,266.984375,1168.21594238,1,1,4,55,11
148,265.53125,1170.25866699,1502225405.1,266.265625,1169.13305664,1,1,4,55,11
149,265.0,1171.25915527,1502225405.1,265.53125,1170.25866699,1,1,4,55,11
150,264.53125,1172.25964355,1502225405.11,265.0,1171.25915527,1,1,4,55,11
151,264.265625,1172.98913574,1502225405.11,264.53125,1172.25964355,1,1,4,55,11
152,264.0625,1173.84375,1502225405.12,264.265625,1172.98913574,1,1,4,55,11
153,264.0,1174.63574219,1502225405.12,264.0625,1173.84375,1,1,4,55,11
154,264.0,1175.36523438,1502225405.13,264.0,1174.63574219,1,1,4,55,11
155,264.0,1175.88635254,1502225405.13,264.0,1175.36523438,1,1,4,55,11
156,264.0625,1176.36572266,1502225405.13,264.0,1175.88635254,1,1,4,55,11
157,264.53125,1176.6159668,1502225405.14,264.0625,1176.36572266,1,1,4,55,11
158,265.265625,1176.82434082,1502225405.14,264.53125,1176.6159668,1,1,4,55,11
159,266.0625,1176.88684082,1502225405.15,265.265625,1176.82434082,1,1,4,55,11
160,267.1875,1176.88684082,1502225405.15,266.0625,1176.88684082,1,1,4,55,11
161,268.578125,1176.82434082,1502225405.15,267.1875,1176.88684082,1,1,4,55,11
162,270.046875,1176.36572266,1502225405.16,268.578125,1176.82434082,1,1,4,55,11
163,271.375,1175.82385254,1502225405.16,270.046875,1176.36572266,1,1,4,55,11
164,272.890625,1175.09436035,1502225405.17,271.375,1175.82385254,1,1,4,55,11
165,274.28125,1174.42736816,1502225405.17,272.890625,1175.09436035,1,1,4,55,11
166,275.484375,1173.69775391,1502225405.18,274.28125,1174.42736816,1,1,4,55,11
167,276.75,1172.84326172,1502225405.18,275.484375,1173.69775391,1,1,4,55,11
168,277.734375,1171.98864746,1502225405.18,276.75,1172.84326172,1,1,4,55,11
169,278.59375,1171.1340332,1502225405.19,277.734375,1171.98864746,1,1,4,55,11
170,279.390625,1170.19604492,1502225405.19,278.59375,1171.1340332,1,1,4,55,11
171,280.0,1169.40405273,1502225405.2,279.390625,1170.19604492,1,1,4,55,11
172,280.390625,1168.61206055,1502225405.2,280.0,1169.40405273,1,1,4,55,11
173,280.71875,1167.88244629,1502225405.2,280.390625,1168.61206055,1,1,4,55,11
174,280.859375,1167.2154541,1502225405.21,280.71875,1167.88244629,1,1,4,55,11
175,280.984375,1166.75695801,1502225405.21,280.859375,1167.2154541,1,1,4,55,11
176,281.0625,1166.29833984,1502225405.22,280.984375,1166.75695801,1,1,4,55,11
177,281.0625,1165.96484375,1502225405.22,281.0625,1166.29833984,1,1,4,55,11
178,281.0625,1165.69384766,1502225405.23,281.0625,1165.96484375,1,1,4,55,11
179,281.0625,1165.56884766,1502225405.23,281.0625,1165.69384766,1,1,4,55,11
180,280.984375,1165.50634766,1502225405.23,281.0625,1165.56884766,1,1,4,55,11
181,280.71875,1165.50634766,1502225405.24,280.984375,1165.50634766,1,1,4,55,11
182,280.390625,1165.50634766,1502225405.24,280.71875,1165.50634766,1,1,4,55,11
183,280.0,1165.56884766,1502225405.25,280.390625,1165.50634766,1,1,4,55,11
184,279.53125,1165.90234375,1502225405.25,280.0,1165.56884766,1,1,4,55,11
185,279.0,1166.36083984,1502225405.25,279.53125,1165.90234375,1,1,4,55,11
186,278.46875,1167.0904541,1502225405.26,279.0,1166.36083984,1,1,4,55,11
187,277.9375,1167.75744629,1502225405.26,278.46875,1167.0904541,1,1,4,55,11
188,277.46875,1168.61206055,1502225405.27,277.9375,1167.75744629,1,1,4,55,11
189,277.0,1169.52905273,1502225405.27,277.46875,1168.61206055,1,1,4,55,11
190,276.609375,1170.59216309,1502225405.28,277.0,1169.52905273,1,1,4,55,11
191,276.21875,1171.86352539,1502225405.28,276.609375,1170.59216309,1,1,4,55,11
192,275.875,1173.17675781,1502225405.28,276.21875,1171.86352539,1,1,4,55,11
193,275.484375,1174.90673828,1502225405.29,275.875,1173.17675781,1,1,4,55,11
194,275.15625,1176.6784668,1502225405.29,275.484375,1174.90673828,1,1,4,55,11
195,274.8125,1178.61694336,1502225405.3,275.15625,1176.6784668,1,1,4,55,11
196,274.421875,1181.18066406,1502225405.3,274.8125,1178.61694336,1,1,4,55,11
197,274.21875,1183.51513672,1502225405.3,274.421875,1181.18066406,1,1,4,55,11
198,274.015625,1186.01635742,1502225405.31,274.21875,1183.51513672,1,1,4,55,11
199,273.953125,1188.35083008,1502225405.31,274.015625,1186.01635742,1,1,4,55,11
200,273.953125,1190.9979248,1502225405.32,273.953125,1188.35083008,1,1,4,55,11
201,273.953125,1193.37402344,1502225405.32,273.953125,1190.9979248,1,1,4,55,11
202,274.015625,1195.56262207,1502225405.33,273.953125,1193.37402344,1,1,4,55,11
203,274.21875,1197.93884277,1502225405.33,274.015625,1195.56262207,1,1,4,55,11
204,274.484375,1199.91894531,1502225405.33,274.21875,1197.93884277,1,1,4,55,11
205,274.75,1201.98242188,1502225405.34,274.484375,1199.91894531,1,1,4,55,11
206,275.015625,1204.02514648,1502225405.34,274.75,1201.98242188,1,1,4,55,11
207,275.15625,1205.75512695,1502225405.35,275.015625,1204.02514648,1,1,4,55,11
208,275.21875,1207.3392334,1502225405.35,275.15625,1205.75512695,1,1,4,55,11
209,275.21875,1208.73571777,1502225405.35,275.21875,1207.3392334,1,1,4,55,11
210,275.21875,1210.06970215,1502225405.36,275.21875,1208.73571777,1,1,4,55,11
211,275.15625,1211.11193848,1502225405.36,275.21875,1210.06970215,1,1,4,55,11
212,274.75,1212.11242676,1502225405.37,275.15625,1211.11193848,1,1,4,55,11
213,274.359375,1212.71679688,1502225405.37,274.75,1212.11242676,1,1,4,55,11
214,273.75,1213.30053711,1502225405.38,274.359375,1212.71679688,1,1,4,55,11
215,273.09375,1213.6965332,1502225405.38,273.75,1213.30053711,1,1,4,55,11
216,272.421875,1213.9675293,1502225405.38,273.09375,1213.6965332,1,1,4,55,11
217,271.703125,1214.0925293,1502225405.39,272.421875,1213.9675293,1,1,4,55,11
218,270.96875,1214.1550293,1502225405.39,271.703125,1214.0925293,1,1,4,55,11
219,270.3125,1214.1550293,1502225405.4,270.96875,1214.1550293,1,1,4,55,11
220,269.640625,1214.1550293,1502225405.4,270.3125,1214.1550293,1,1,4,55,11
221,268.984375,1213.6965332,1502225405.4,269.640625,1214.1550293,1,1,4,55,11
222,268.25,1212.96704102,1502225405.41,268.984375,1213.6965332,1,1,4,55,11
223,267.71875,1212.17492676,1502225405.41,268.25,1212.96704102,1,1,4,55,11
224,267.1875,1210.98681641,1502225405.42,267.71875,1212.17492676,1,1,4,55,11
225,266.921875,1209.86132812,1502225405.42,267.1875,1210.98681641,1,1,4,55,11
226,266.796875,1208.40222168,1502225405.43,266.921875,1209.86132812,1,1,4,55,11
227,266.796875,1206.69311523,1502225405.43,266.796875,1208.40222168,1,1,4,55,11
228,266.796875,1204.75463867,1502225405.43,266.796875,1206.69311523,1,1,4,55,11
229,266.859375,1202.89953613,1502225405.44,266.796875,1204.75463867,1,1,4,55,11
230,267.578125,1200.6484375,1502225405.44,266.859375,1202.89953613,1,1,4,55,11
231,268.25,1199.00183105,1502225405.45,267.578125,1200.6484375,1,1,4,55,11
232,269.515625,1196.47973633,1502225405.45,268.25,1199.00183105,1,1,4,55,11
233,270.765625,1194.29125977,1502225405.45,269.515625,1196.47973633,1,1,4,55,11
234,272.359375,1191.97753906,1502225405.46,270.765625,1194.29125977,1,1,4,55,11
235,273.953125,1189.93493652,1502225405.46,272.359375,1191.97753906,1,1,4,55,11
236,276.21875,1187.4128418,1502225405.47,273.953125,1189.93493652,1,1,4,55,11
237,278.0,1185.62036133,1502225405.47,276.21875,1187.4128418,1,1,4,55,11
238,280.1875,1183.64013672,1502225405.48,278.0,1185.62036133,1,1,4,55,11
239,282.453125,1181.78515625,1502225405.48,280.1875,1183.64013672,1,1,4,55,11
240,284.375,1180.47192383,1502225405.48,282.453125,1181.78515625,1,1,4,55,11
241,285.90625,1179.40893555,1502225405.49,284.375,1180.47192383,1,1,4,55,11
242,287.625,1178.47094727,1502225405.49,285.90625,1179.40893555,1,1,4,55,11
243,288.75,1177.8873291,1502225405.5,287.625,1178.47094727,1,1,4,55,11
244,290.015625,1177.40795898,1502225405.5,288.75,1177.8873291,1,1,4,55,11
245,290.875,1177.22033691,1502225405.5,290.015625,1177.40795898,1,1,4,55,11
246,293.46875,1150.20715332,1502225405.98,293.46875,1177.22033691,1,1,5,55,11
247,293.46875,1149.41516113,1502225405.98,293.46875,1150.20715332,1,1,5,55,11
248,293.46875,1148.81066895,1502225405.99,293.46875,1149.41516113,1,1,5,55,11
249,293.46875,1148.41467285,1502225405.99,293.46875,1148.81066895,1,1,5,55,11
250,293.46875,1148.20617676,1502225406.0,293.46875,1148.41467285,1,1,5,55,11
251,293.46875,1148.08117676,1502225406.0,293.46875,1148.20617676,1,1,5,55,11
252,293.46875,1148.01855469,1502225406.01,293.46875,1148.08117676,1,1,5,55,11
253,293.53125,1148.01855469,1502225406.01,293.46875,1148.01855469,1,1,5,55,11
254,293.734375,1148.01855469,1502225406.01,293.53125,1148.01855469,1,1,5,55,11
255,294.265625,1148.01855469,1502225406.02,293.734375,1148.01855469,1,1,5,55,11
256,294.921875,1148.41467285,1502225406.02,294.265625,1148.01855469,1,1,5,55,11
257,295.84375,1149.33178711,1502225406.03,294.921875,1148.41467285,1,1,5,55,11
258,296.984375,1150.60327148,1502225406.03,295.84375,1149.33178711,1,1,5,55,11
259,298.5,1152.45825195,1502225406.03,296.984375,1150.60327148,1,1,5,55,11
260,300.03125,1154.50097656,1502225406.04,298.5,1152.45825195,1,1,5,55,11
261,301.953125,1157.35644531,1502225406.04,300.03125,1154.50097656,1,1,5,55,11
262,303.6875,1160.06616211,1502225406.05,301.953125,1157.35644531,1,1,5,55,11
263,305.734375,1163.38024902,1502225406.05,303.6875,1160.06616211,1,1,5,55,11
264,307.65625,1166.63183594,1502225406.06,305.734375,1163.38024902,1,1,5,55,11
265,309.59375,1170.00854492,1502225406.06,307.65625,1166.63183594,1,1,5,55,11
266,311.171875,1173.05163574,1502225406.06,309.59375,1170.00854492,1,1,5,55,11
267,312.640625,1176.42834473,1502225406.07,311.171875,1173.05163574,1,1,5,55,11
268,313.703125,1179.59655762,1502225406.07,312.640625,1176.42834473,1,1,5,55,11
269,314.234375,1182.57714844,1502225406.08,313.703125,1179.59655762,1,1,5,55,11
270,314.5,1185.62036133,1502225406.08,314.234375,1182.57714844,1,1,5,55,11
271,314.5,1189.20532227,1502225406.08,314.5,1185.62036133,1,1,5,55,11
272,314.296875,1191.91503906,1502225406.09,314.5,1189.20532227,1,1,5,55,11
273,313.171875,1195.29174805,1502225406.09,314.296875,1191.91503906,1,1,5,55,11
274,312.171875,1197.66784668,1502225406.1,313.171875,1195.29174805,1,1,5,55,11
275,310.640625,1200.5234375,1502225406.1,312.171875,1197.66784668,1,1,5,55,11
276,308.796875,1203.37890625,1502225406.11,310.640625,1200.5234375,1,1,5,55,11
277,306.859375,1205.81762695,1502225406.11,308.796875,1203.37890625,1,1,5,55,11
278,305.265625,1207.67272949,1502225406.11,306.859375,1205.81762695,1,1,5,55,11
279,303.21875,1209.73620605,1502225406.12,305.265625,1207.67272949,1,1,5,55,11
280,301.296875,1211.44543457,1502225406.12,303.21875,1209.73620605,1,1,5,55,11
281,299.5625,1212.90441895,1502225406.13,301.296875,1211.44543457,1,1,5,55,11
282,297.78125,1214.23840332,1502225406.13,299.5625,1212.90441895,1,1,5,55,11
283,295.71875,1215.48901367,1502225406.13,297.78125,1214.23840332,1,1,5,55,11
284,294.328125,1216.28112793,1502225406.14,295.71875,1215.48901367,1,1,5,55,11
285,292.734375,1217.07312012,1502225406.14,294.328125,1216.28112793,1,1,5,55,11
286,291.671875,1217.6151123,1502225406.15,292.734375,1217.07312012,1,1,5,55,11
287,290.40625,1218.0736084,1502225406.15,291.671875,1217.6151123,1,1,5,55,11
288,289.609375,1218.34460449,1502225406.16,290.40625,1218.0736084,1,1,5,55,11
289,288.890625,1218.46972656,1502225406.16,289.609375,1218.34460449,1,1,5,55,11
290,288.421875,1218.53222656,1502225406.16,288.890625,1218.46972656,1,1,5,55,11
291,288.09375,1218.53222656,1502225406.17,288.421875,1218.53222656,1,1,5,55,11
292,287.953125,1218.53222656,1502225406.17,288.09375,1218.53222656,1,1,5,55,11
293,287.953125,1218.26123047,1502225406.18,287.953125,1218.53222656,1,1,5,55,11
294,288.015625,1217.6776123,1502225406.18,287.953125,1218.26123047,1,1,5,55,11
295,288.6875,1216.88549805,1502225406.18,288.015625,1217.6776123,1,1,5,55,11
296,334.9375,1140.8067627,1502225406.41,334.265625,1216.88549805,1,1,6,55,11
297,335.59375,1139.68115234,1502225406.41,334.9375,1140.8067627,1,1,6,55,11
298,336.0625,1138.88916016,1502225406.41,335.59375,1139.68115234,1,1,6,55,11
299,336.265625,1138.34716797,1502225406.42,336.0625,1138.88916016,1,1,6,55,11
300,336.328125,1138.01367188,1502225406.42,336.265625,1138.34716797,1,1,6,55,11
301,336.328125,1137.82617188,1502225406.43,336.328125,1138.01367188,1,1,6,55,11
302,336.328125,1137.68017578,1502225406.43,336.328125,1137.82617188,1,1,6,55,11
303,336.328125,1137.61767578,1502225406.43,336.328125,1137.68017578,1,1,6,55,11
304,336.328125,1137.55517578,1502225406.44,336.328125,1137.61767578,1,1,6,55,11
305,336.328125,1137.49267578,1502225406.44,336.328125,1137.55517578,1,1,6,55,11
306,336.0625,1137.49267578,1502225406.45,336.328125,1137.49267578,1,1,6,55,11
307,335.65625,1137.49267578,1502225406.45,336.0625,1137.49267578,1,1,6,55,11
308,335.203125,1137.49267578,1502225406.46,335.65625,1137.49267578,1,1,6,55,11
309,334.671875,1137.49267578,1502225406.46,335.203125,1137.49267578,1,1,6,55,11
310,334.0625,1137.55517578,1502225406.46,334.671875,1137.49267578,1,1,6,55,11
311,333.34375,1137.82617188,1502225406.47,334.0625,1137.55517578,1,1,6,55,11
312,332.484375,1138.22216797,1502225406.47,333.34375,1137.82617188,1,1,6,55,11
313,331.546875,1138.74328613,1502225406.48,332.484375,1138.22216797,1,1,6,55,11
314,330.6875,1139.34765625,1502225406.48,331.546875,1138.74328613,1,1,6,55,11
315,329.6875,1140.07727051,1502225406.48,330.6875,1139.34765625,1,1,6,55,11
316,328.765625,1140.8692627,1502225406.49,329.6875,1140.07727051,1,1,6,55,11
317,327.703125,1141.72387695,1502225406.49,328.765625,1140.8692627,1,1,6,55,11
318,326.640625,1142.78686523,1502225406.5,327.703125,1141.72387695,1,1,6,55,11
319,325.4375,1143.97497559,1502225406.5,326.640625,1142.78686523,1,1,6,55,11
320,324.3125,1145.22558594,1502225406.51,325.4375,1143.97497559,1,1,6,55,11
321,322.921875,1146.95556641,1502225406.51,324.3125,1145.22558594,1,1,6,55,11
322,321.921875,1148.28955078,1502225406.51,322.921875,1146.95556641,1,1,6,55,11
323,320.734375,1150.14465332,1502225406.52,321.921875,1148.28955078,1,1,6,55,11
324,350.390625,1185.68286133,1502225406.85,350.453125,1185.68286133,1,1,7,56,11
325,349.59375,1185.09924316,1502225406.85,350.390625,1185.68286133,1,1,7,56,11
326,348.859375,1184.82824707,1502225406.86,349.59375,1185.09924316,1,1,7,56,11
327,348.140625,1184.76574707,1502225406.86,348.859375,1184.82824707,1,1,7,56,11
328,347.53125,1184.76574707,1502225406.86,348.140625,1184.76574707,1,1,7,56,11
329,347.015625,1184.76574707,1502225406.87,347.53125,1184.76574707,1,1,7,56,11
330,346.609375,1184.76574707,1502225406.87,347.015625,1184.76574707,1,1,7,56,11
331,346.40625,1184.82824707,1502225406.88,346.609375,1184.76574707,1,1,7,56,11
332,346.28125,1184.89074707,1502225406.88,346.40625,1184.82824707,1,1,7,56,11
333,346.21875,1184.97412109,1502225406.88,346.28125,1184.89074707,1,1,7,56,11
334,346.21875,1184.97412109,1502225406.89,346.21875,1184.97412109,1,1,7,56,11
335,346.21875,1184.97412109,1502225406.89,346.21875,1184.97412109,1,1,7,56,11
336,346.21875,1184.97412109,1502225406.9,346.21875,1184.97412109,1,1,7,56,11
337,346.21875,1184.97412109,1502225406.9,346.21875,1184.97412109,1,1,7,56,11
338,346.21875,1184.97412109,1502225406.91,346.21875,1184.97412109,1,1,7,56,11
339,346.21875,1184.97412109,1502225406.91,346.21875,1184.97412109,1,1,7,56,11
340,346.609375,1184.97412109,1502225406.91,346.21875,1184.97412109,1,1,7,56,11
341,347.46875,1184.89074707,1502225406.92,346.609375,1184.97412109,1,1,7,56,11
342,348.40625,1184.640625,1502225406.92,347.46875,1184.89074707,1,1,7,56,11
343,349.65625,1184.24462891,1502225406.93,348.40625,1184.640625,1,1,7,56,11
344,350.71875,1183.91113281,1502225406.93,349.65625,1184.24462891,1,1,7,56,11
345,352.25,1183.51513672,1502225406.93,350.71875,1183.91113281,1,1,7,56,11
346,353.4375,1183.18164062,1502225406.94,352.25,1183.51513672,1,1,7,56,11
347,354.765625,1182.91064453,1502225406.94,353.4375,1183.18164062,1,1,7,56,11
348,355.96875,1182.63964844,1502225406.95,354.765625,1182.91064453,1,1,7,56,11
349,356.890625,1182.51464844,1502225406.95,355.96875,1182.63964844,1,1,7,56,11
350,347.734375,1192.24853516,1502225407.03,347.734375,1182.51464844,1,1,8,56,11
351,347.671875,1192.45703125,1502225407.04,347.734375,1192.24853516,1,1,8,56,11
352,347.53125,1192.64453125,1502225407.04,347.671875,1192.45703125,1,1,8,56,11
353,347.40625,1192.70703125,1502225407.05,347.53125,1192.64453125,1,1,8,56,11
354,347.265625,1192.85302734,1502225407.05,347.40625,1192.70703125,1,1,8,56,11
355,347.203125,1192.91552734,1502225407.06,347.265625,1192.85302734,1,1,8,56,11
356,347.203125,1192.91552734,1502225407.06,347.203125,1192.91552734,1,1,8,56,11
357,347.203125,1192.91552734,1502225407.06,347.203125,1192.91552734,1,1,8,56,11
358,347.203125,1192.91552734,1502225407.07,347.203125,1192.91552734,1,1,8,56,11
359,347.203125,1192.91552734,1502225407.07,347.203125,1192.91552734,1,1,8,56,11
360,347.46875,1192.91552734,1502225407.08,347.203125,1192.91552734,1,1,8,56,11
361,348.0625,1192.97802734,1502225407.08,347.46875,1192.91552734,1,1,8,56,11
362,349.0,1192.97802734,1502225407.08,348.0625,1192.97802734,1,1,8,56,11
363,350.125,1192.97802734,1502225407.09,349.0,1192.97802734,1,1,8,56,11
364,351.515625,1192.97802734,1502225407.09,350.125,1192.97802734,1,1,8,56,11
365,353.375,1192.97802734,1502225407.1,351.515625,1192.97802734,1,1,8,56,11
366,355.109375,1192.97802734,1502225407.1,353.375,1192.97802734,1,1,8,56,11
367,411.03125,1155.16796875,1502225407.24,411.109375,1155.16796875,1,1,9,57,11
368,410.109375,1153.25036621,1502225407.24,411.03125,1155.16796875,1,1,9,57,11
369,409.109375,1152.31237793,1502225407.25,410.109375,1153.25036621,1,1,9,57,11
370,407.65625,1151.58288574,1502225407.25,409.109375,1152.31237793,1,1,9,57,11
371,406.390625,1151.33276367,1502225407.26,407.65625,1151.58288574,1,1,9,57,11
372,405.203125,1151.12426758,1502225407.26,406.390625,1151.33276367,1,1,9,57,11
373,404.265625,1150.99926758,1502225407.26,405.203125,1151.12426758,1,1,9,57,11
374,403.46875,1150.93676758,1502225407.27,404.265625,1150.99926758,1,1,9,57,11
375,402.9375,1150.87414551,1502225407.27,403.46875,1150.93676758,1,1,9,57,11
376,402.484375,1150.87414551,1502225407.28,402.9375,1150.87414551,1,1,9,57,11
377,402.21875,1150.87414551,1502225407.28,402.484375,1150.87414551,1,1,9,57,11
378,401.953125,1150.87414551,1502225407.28,402.21875,1150.87414551,1,1,9,57,11
379,401.75,1150.87414551,1502225407.29,401.953125,1150.87414551,1,1,9,57,11
380,401.546875,1151.12426758,1502225407.29,401.75,1150.87414551,1,1,9,57,11
381,401.421875,1151.79125977,1502225407.3,401.546875,1151.12426758,1,1,9,57,11
382,401.21875,1152.91687012,1502225407.3,401.421875,1151.79125977,1,1,9,57,11
383,401.078125,1154.37585449,1502225407.31,401.21875,1152.91687012,1,1,9,57,11
384,401.015625,1156.08508301,1502225407.31,401.078125,1154.37585449,1,1,9,57,11
385,401.015625,1158.0234375,1502225407.31,401.015625,1156.08508301,1,1,9,57,11
386,401.015625,1160.7331543,1502225407.32,401.015625,1158.0234375,1,1,9,57,11
387,401.015625,1163.25524902,1502225407.32,401.015625,1160.7331543,1,1,9,57,11
388,401.015625,1165.96484375,1502225407.33,401.015625,1163.25524902,1,1,9,57,11
389,401.015625,1168.54943848,1502225407.33,401.015625,1165.96484375,1,1,9,57,11
390,401.015625,1171.32165527,1502225407.33,401.015625,1168.54943848,1,1,9,57,11
391,400.75,1173.96875,1502225407.34,401.015625,1171.32165527,1,1,9,57,11
392,400.21875,1176.6159668,1502225407.34,400.75,1173.96875,1,1,9,57,11
393,399.484375,1179.40893555,1502225407.35,400.21875,1176.6159668,1,1,9,57,11
394,398.765625,1181.91015625,1502225407.35,399.484375,1179.40893555,1,1,9,57,11
395,397.90625,1184.55725098,1502225407.36,398.765625,1181.91015625,1,1,9,57,11
396,396.96875,1187.22521973,1502225407.36,397.90625,1184.55725098,1,1,9,57,11
397,396.171875,1189.53881836,1502225407.36,396.96875,1187.22521973,1,1,9,57,11
398,395.375,1192.04003906,1502225407.37,396.171875,1189.53881836,1,1,9,57,11
399,394.90625,1193.97851562,1502225407.37,395.375,1192.04003906,1,1,9,57,11
400,394.375,1196.47973633,1502225407.38,394.90625,1193.97851562,1,1,9,57,11
401,394.1875,1198.0847168,1502225407.38,394.375,1196.47973633,1,1,9,57,11
402,394.125,1200.00231934,1502225407.38,394.1875,1198.0847168,1,1,9,57,11
403,394.125,1201.64892578,1502225407.39,394.125,1200.00231934,1,1,9,57,11
404,394.125,1203.04541016,1502225407.39,394.125,1201.64892578,1,1,9,57,11
405,394.578125,1204.42114258,1502225407.4,394.125,1203.04541016,1,1,9,57,11
406,395.25,1205.42163086,1502225407.4,394.578125,1204.42114258,1,1,9,57,11
407,396.046875,1206.21362305,1502225407.41,395.25,1205.42163086,1,1,9,57,11
408,396.90625,1206.88061523,1502225407.41,396.046875,1206.21362305,1,1,9,57,11
409,397.5625,1207.3392334,1502225407.41,396.90625,1206.88061523,1,1,9,57,11
410,398.296875,1207.61022949,1502225407.42,397.5625,1207.3392334,1,1,9,57,11
411,398.890625,1207.81860352,1502225407.42,398.296875,1207.61022949,1,1,9,57,11
412,399.296875,1207.88110352,1502225407.43,398.890625,1207.81860352,1,1,9,57,11
413,399.625,1207.88110352,1502225407.43,399.296875,1207.88110352,1,1,9,57,11
414,399.953125,1207.88110352,1502225407.43,399.625,1207.88110352,1,1,9,57,11
415,391.328125,1190.51855469,1502225407.51,391.59375,1207.88110352,1,1,10,57,11
416,390.9375,1189.66394043,1502225407.52,391.328125,1190.51855469,1,1,10,57,11
417,390.53125,1188.93444824,1502225407.52,390.9375,1189.66394043,1,1,10,57,11
418,390.0625,1188.41333008,1502225407.53,390.53125,1188.93444824,1,1,10,57,11
419,389.671875,1187.93395996,1502225407.53,390.0625,1188.41333008,1,1,10,57,11
420,389.34375,1187.68383789,1502225407.53,389.671875,1187.93395996,1,1,10,57,11
421,389.140625,1187.4753418,1502225407.54,389.34375,1187.68383789,1,1,10,57,11
422,389.015625,1187.2878418,1502225407.54,389.140625,1187.4753418,1,1,10,57,11
423,388.875,1187.1418457,1502225407.55,389.015625,1187.2878418,1,1,10,57,11
424,388.875,1187.0168457,1502225407.55,388.875,1187.1418457,1,1,10,57,11
425,388.875,1186.89172363,1502225407.56,388.875,1187.0168457,1,1,10,57,11
426,388.9375,1186.80834961,1502225407.56,388.875,1186.89172363,1,1,10,57,11
427,389.46875,1186.68334961,1502225407.56,388.9375,1186.80834961,1,1,10,57,11
428,390.46875,1186.41235352,1502225407.57,389.46875,1186.68334961,1,1,10,57,11
429,391.53125,1186.16223145,1502225407.57,390.46875,1186.41235352,1,1,10,57,11
430,393.0625,1185.76623535,1502225407.58,391.53125,1186.16223145,1,1,10,57,11
431,394.578125,1185.37011719,1502225407.58,393.0625,1185.76623535,1,1,10,57,11
432,396.703125,1184.89074707,1502225407.58,394.578125,1185.37011719,1,1,10,57,11
433,398.359375,1184.55725098,1502225407.59,396.703125,1184.89074707,1,1,10,57,11
434,400.484375,1184.16125488,1502225407.59,398.359375,1184.55725098,1,1,10,57,11
435,402.671875,1183.64013672,1502225407.6,400.484375,1184.16125488,1,1,10,57,11
436,404.59375,1183.18164062,1502225407.6,402.671875,1183.64013672,1,1,10,57,11
437,406.59375,1182.63964844,1502225407.61,404.59375,1183.18164062,1,1,10,57,11
438,408.84375,1181.91015625,1502225407.61,406.59375,1182.63964844,1,1,10,57,11
439,437.90625,1151.27026367,1502225407.71,437.515625,1181.91015625,1,1,11,57,11
440,438.046875,1150.45727539,1502225407.72,437.90625,1151.27026367,1,1,11,57,11
441,438.046875,1149.9987793,1502225407.72,438.046875,1150.45727539,1,1,11,57,11
442,438.046875,1149.6027832,1502225407.73,438.046875,1149.9987793,1,1,11,57,11
443,437.90625,1149.41516113,1502225407.73,438.046875,1149.6027832,1,1,11,57,11
444,437.515625,1149.33178711,1502225407.73,437.90625,1149.41516113,1,1,11,57,11
445,437.171875,1149.33178711,1502225407.74,437.515625,1149.33178711,1,1,11,57,11
446,436.78125,1149.33178711,1502225407.74,437.171875,1149.33178711,1,1,11,57,11
447,436.25,1149.6652832,1502225407.75,436.78125,1149.33178711,1,1,11,57,11
448,435.71875,1150.54064941,1502225407.75,436.25,1149.6652832,1,1,11,57,11
449,435.1875,1151.45776367,1502225407.76,435.71875,1150.54064941,1,1,11,57,11
450,434.453125,1152.64587402,1502225407.76,435.1875,1151.45776367,1,1,11,57,11
451,433.734375,1153.83398438,1502225407.76,434.453125,1152.64587402,1,1,11,57,11
452,432.796875,1155.23046875,1502225407.77,433.734375,1153.83398438,1,1,11,57,11
453,431.796875,1156.7520752,1502225407.77,432.796875,1155.23046875,1,1,11,57,11
454,430.609375,1158.75305176,1502225407.78,431.796875,1156.7520752,1,1,11,57,11
455,429.546875,1160.58728027,1502225407.78,430.609375,1158.75305176,1,1,11,57,11
456,428.421875,1162.77587891,1502225407.78,429.546875,1160.58728027,1,1,11,57,11
457,427.296875,1164.90185547,1502225407.79,428.421875,1162.77587891,1,1,11,57,11
458,426.359375,1166.94458008,1502225407.79,427.296875,1164.90185547,1,1,11,57,11
459,425.375,1169.34155273,1502225407.8,426.359375,1166.94458008,1,1,11,57,11
460,444.875,1183.64013672,1502225408.23,444.875,1169.34155273,1,1,12,57,11
461,444.875,1182.57714844,1502225408.23,444.875,1183.64013672,1,1,12,57,11
462,444.546875,1181.51416016,1502225408.23,444.875,1182.57714844,1,1,12,57,11
463,444.21875,1180.7220459,1502225408.24,444.546875,1181.51416016,1,1,12,57,11
464,443.6875,1180.05505371,1502225408.24,444.21875,1180.7220459,1,1,12,57,11
465,443.28125,1179.59655762,1502225408.25,443.6875,1180.05505371,1,1,12,57,11
466,442.8125,1179.13793945,1502225408.25,443.28125,1179.59655762,1,1,12,57,11
467,442.421875,1178.80444336,1502225408.26,442.8125,1179.13793945,1,1,12,57,11
468,441.890625,1178.34594727,1502225408.26,442.421875,1178.80444336,1,1,12,57,11
469,441.421875,1178.07495117,1502225408.26,441.890625,1178.34594727,1,1,12,57,11
470,440.765625,1177.8873291,1502225408.27,441.421875,1178.07495117,1,1,12,57,11
471,439.96875,1177.8873291,1502225408.27,440.765625,1177.8873291,1,1,12,57,11
472,439.03125,1177.8873291,1502225408.28,439.96875,1177.8873291,1,1,12,57,11
473,438.046875,1177.8873291,1502225408.28,439.03125,1177.8873291,1,1,12,57,11
474,436.640625,1177.8873291,1502225408.28,438.046875,1177.8873291,1,1,12,57,11
475,435.328125,1178.2208252,1502225408.29,436.640625,1177.8873291,1,1,12,57,11
476,434.0625,1178.67944336,1502225408.29,435.328125,1178.2208252,1,1,12,57,11
477,432.59375,1179.26306152,1502225408.3,434.0625,1178.67944336,1,1,12,57,11
478,431.40625,1179.86743164,1502225408.3,432.59375,1179.26306152,1,1,12,57,11
479,430.21875,1180.53442383,1502225408.31,431.40625,1179.86743164,1,1,12,57,11
480,429.015625,1181.26403809,1502225408.31,430.21875,1180.53442383,1,1,12,57,11
481,428.015625,1181.91015625,1502225408.31,429.015625,1181.26403809,1,1,12,57,11
482,427.09375,1182.78564453,1502225408.32,428.015625,1181.91015625,1,1,12,57,11
483,426.234375,1183.51513672,1502225408.32,427.09375,1182.78564453,1,1,12,57,11
484,425.5,1184.36962891,1502225408.33,426.234375,1183.51513672,1,1,12,57,11
485,425.03125,1185.03662109,1502225408.33,425.5,1184.36962891,1,1,12,57,11
486,424.578125,1185.76623535,1502225408.33,425.03125,1185.03662109,1,1,12,57,11
487,424.3125,1186.41235352,1502225408.34,424.578125,1185.76623535,1,1,12,57,11
488,424.234375,1187.0168457,1502225408.34,424.3125,1186.41235352,1,1,12,57,11
489,424.234375,1187.4753418,1502225408.35,424.234375,1187.0168457,1,1,12,57,11
490,424.234375,1187.93395996,1502225408.35,424.234375,1187.4753418,1,1,12,57,11
491,424.703125,1188.20483398,1502225408.36,424.234375,1187.93395996,1,1,12,57,11
492,425.640625,1188.41333008,1502225408.36,424.703125,1188.20483398,1,1,12,57,11
493,426.703125,1188.47583008,1502225408.36,425.640625,1188.41333008,1,1,12,57,11
494,428.359375,1188.47583008,1502225408.37,426.703125,1188.47583008,1,1,12,57,11
495,429.953125,1188.47583008,1502225408.37,428.359375,1188.47583008,1,1,12,57,11
496,431.671875,1188.07983398,1502225408.38,429.953125,1188.47583008,1,1,12,57,11
497,433.328125,1187.5378418,1502225408.38,431.671875,1188.07983398,1,1,12,57,11
498,435.25,1186.9543457,1502225408.38,433.328125,1187.5378418,1,1,12,57,11
499,436.90625,1186.28735352,1502225408.39,435.25,1186.9543457,1,1,12,57,11
500,438.578125,1185.62036133,1502225408.39,436.90625,1186.28735352,1,1,12,57,11
501,440.03125,1184.89074707,1502225408.4,438.578125,1185.62036133,1,1,12,57,11
502,441.296875,1184.24462891,1502225408.4,440.03125,1184.89074707,1,1,12,57,11
503,442.421875,1183.57763672,1502225408.41,441.296875,1184.24462891,1,1,12,57,11
504,443.421875,1182.91064453,1502225408.41,442.421875,1183.57763672,1,1,12,57,11
505,444.140625,1182.51464844,1502225408.41,443.421875,1182.91064453,1,1,12,57,11
506,444.8125,1182.11865234,1502225408.42,444.140625,1182.51464844,1,1,12,57,11
507,445.28125,1181.91015625,1502225408.42,444.8125,1182.11865234,1,1,12,57,11
508,445.609375,1181.78515625,1502225408.43,445.28125,1181.91015625,1,1,12,57,11
509,445.875,1181.72253418,1502225408.43,445.609375,1181.78515625,1,1,12,57,11
510,446.0625,1181.72253418,1502225408.43,445.875,1181.72253418,1,1,12,57,11
511,446.265625,1181.72253418,1502225408.44,446.0625,1181.72253418,1,1,12,57,11
512,446.40625,1182.24365234,1502225408.44,446.265625,1181.72253418,1,1,12,57,11
513,446.46875,1183.18164062,1502225408.45,446.40625,1182.24365234,1,1,12,57,11
514,446.53125,1184.36962891,1502225408.45,446.46875,1183.18164062,1,1,12,57,11
515,446.59375,1185.89123535,1502225408.46,446.53125,1184.36962891,1,1,12,57,11
516,446.59375,1187.68383789,1502225408.46,446.59375,1185.89123535,1,1,12,57,11
517,446.59375,1189.53881836,1502225408.46,446.59375,1187.68383789,1,1,12,57,11
518,446.59375,1191.79003906,1502225408.47,446.59375,1189.53881836,1,1,12,57,11
519,446.40625,1194.29125977,1502225408.47,446.59375,1191.79003906,1,1,12,57,11
520,446.203125,1196.81323242,1502225408.48,446.40625,1194.29125977,1,1,12,57,11
521,446.0,1199.06433105,1502225408.48,446.203125,1196.81323242,1,1,12,57,11
522,445.734375,1201.77404785,1502225408.48,446.0,1199.06433105,1,1,12,57,11
523,445.46875,1204.23352051,1502225408.49,445.734375,1201.77404785,1,1,12,57,11
524,445.203125,1206.48461914,1502225408.49,445.46875,1204.23352051,1,1,12,57,11
525,444.8125,1209.00671387,1502225408.5,445.203125,1206.48461914,1,1,12,57,11
526,444.34375,1211.11193848,1502225408.5,444.8125,1209.00671387,1,1,12,57,11
527,443.75,1213.23791504,1502225408.51,444.34375,1211.11193848,1,1,12,57,11
528,442.890625,1215.48901367,1502225408.51,443.75,1213.23791504,1,1,12,57,11
529,442.15625,1216.94812012,1502225408.51,442.890625,1215.48901367,1,1,12,57,11
530,441.03125,1218.65722656,1502225408.52,442.15625,1216.94812012,1,1,12,57,11
531,439.90625,1220.11633301,1502225408.52,441.03125,1218.65722656,1,1,12,57,11
532,438.640625,1221.45031738,1502225408.53,439.90625,1220.11633301,1,1,12,57,11
533,437.375,1222.51330566,1502225408.53,438.640625,1221.45031738,1,1,12,57,11
534,435.921875,1223.43041992,1502225408.53,437.375,1222.51330566,1,1,12,57,11
535,434.59375,1224.15991211,1502225408.54,435.921875,1223.43041992,1,1,12,57,11
536,433.390625,1224.61853027,1502225408.54,434.59375,1224.15991211,1,1,12,57,11
537,432.328125,1224.95202637,1502225408.55,433.390625,1224.61853027,1,1,12,57,11
538,431.40625,1225.01452637,1502225408.55,432.328125,1224.95202637,1,1,12,57,11
539,430.609375,1225.01452637,1502225408.56,431.40625,1225.01452637,1,1,12,57,11
540,429.953125,1224.8894043,1502225408.56,430.609375,1225.01452637,1,1,12,57,11
541,429.34375,1224.22241211,1502225408.56,429.953125,1224.8894043,1,1,12,57,11
542,429.015625,1223.24279785,1502225408.57,429.34375,1224.22241211,1,1,12,57,11
543,428.8125,1222.11730957,1502225408.57,429.015625,1223.24279785,1,1,12,57,11
544,428.8125,1220.5123291,1502225408.58,428.8125,1222.11730957,1,1,12,57,11
545,428.8125,1218.92822266,1502225408.58,428.8125,1220.5123291,1,1,12,57,11
546,429.34375,1216.82299805,1502225408.58,428.8125,1218.92822266,1,1,12,57,11
547,430.140625,1214.82202148,1502225408.59,429.34375,1216.82299805,1,1,12,57,11
548,431.203125,1212.50842285,1502225408.59,430.140625,1214.82202148,1,1,12,57,11
549,432.53125,1210.13232422,1502225408.6,431.203125,1212.50842285,1,1,12,57,11
550,434.0625,1207.88110352,1502225408.6,432.53125,1210.13232422,1,1,12,57,11
551,436.125,1205.23400879,1502225408.61,434.0625,1207.88110352,1,1,12,57,11
552,438.3125,1202.64941406,1502225408.61,436.125,1205.23400879,1,1,12,57,11
553,440.5625,1200.4609375,1502225408.61,438.3125,1202.64941406,1,1,12,57,11
554,443.28125,1198.0847168,1502225408.62,440.5625,1200.4609375,1,1,12,57,11
555,445.8125,1195.89611816,1502225408.62,443.28125,1198.0847168,1,1,12,57,11
556,474.203125,1185.37011719,1502225408.72,474.203125,1185.37011719,1,1,13,58,11
557,474.203125,1185.37011719,1502225408.73,474.203125,1185.37011719,1,1,13,58,11
558,473.734375,1185.37011719,1502225408.73,474.203125,1185.37011719,1,1,13,58,11
559,473.015625,1185.37011719,1502225408.73,473.734375,1185.37011719,1,1,13,58,11
560,472.34375,1185.49523926,1502225408.74,473.015625,1185.37011719,1,1,13,58,11
561,471.6875,1185.76623535,1502225408.74,472.34375,1185.49523926,1,1,13,58,11
562,471.21875,1186.01635742,1502225408.75,471.6875,1185.76623535,1,1,13,58,11
563,471.015625,1186.09973145,1502225408.75,471.21875,1186.01635742,1,1,13,58,11
564,470.890625,1186.16223145,1502225408.76,471.015625,1186.09973145,1,1,13,58,11
565,470.75,1186.22473145,1502225408.76,470.890625,1186.16223145,1,1,13,58,11
566,470.75,1186.28735352,1502225408.76,470.75,1186.22473145,1,1,13,58,11
567,470.8125,1186.34985352,1502225408.77,470.75,1186.28735352,1,1,13,58,11
568,471.75,1186.34985352,1502225408.77,470.8125,1186.34985352,1,1,13,58,11
569,473.203125,1186.34985352,1502225408.78,471.75,1186.34985352,1,1,13,58,11
570,474.734375,1186.09973145,1502225408.78,473.203125,1186.34985352,1,1,13,58,11
571,477.125,1185.62036133,1502225408.78,474.734375,1186.09973145,1,1,13,58,11
572,479.4375,1185.22424316,1502225408.79,477.125,1185.62036133,1,1,13,58,11
573,482.03125,1184.76574707,1502225408.79,479.4375,1185.22424316,1,1,13,58,11
574,484.421875,1184.30712891,1502225408.8,482.03125,1184.76574707,1,1,13,58,11
575,486.609375,1183.91113281,1502225408.8,484.421875,1184.30712891,1,1,13,58,11
576,488.796875,1183.57763672,1502225408.81,486.609375,1183.91113281,1,1,13,58,11
577,490.921875,1183.18164062,1502225408.81,488.796875,1183.57763672,1,1,13,58,11
578,492.65625,1182.84814453,1502225408.81,490.921875,1183.18164062,1,1,13,58,11
579,494.171875,1182.45214844,1502225408.82,492.65625,1182.84814453,1,1,13,58,11
580,495.5625,1182.05603027,1502225408.82,494.171875,1182.45214844,1,1,13,58,11
581,496.828125,1181.45166016,1502225408.83,495.5625,1182.05603027,1,1,13,58,11
582,491.328125,1175.63623047,1502225408.88,492.3125,1181.45166016,1,1,13,58,11
583,490.53125,1175.30273438,1502225408.89,491.328125,1175.63623047,1,1,13,58,11
584,489.734375,1175.03173828,1502225408.89,490.53125,1175.30273438,1,1,13,58,11
585,488.796875,1174.82336426,1502225408.9,489.734375,1175.03173828,1,1,13,58,11
586,487.8125,1174.76086426,1502225408.9,488.796875,1174.82336426,1,1,13,58,11
587,487.015625,1174.76086426,1502225408.91,487.8125,1174.76086426,1,1,13,58,11
588,486.28125,1174.76086426,1502225408.91,487.015625,1174.76086426,1,1,13,58,11
589,485.75,1174.76086426,1502225408.91,486.28125,1174.76086426,1,1,13,58,11
590,485.34375,1174.76086426,1502225408.92,485.75,1174.76086426,1,1,13,58,11
591,484.8125,1174.90673828,1502225408.92,485.34375,1174.76086426,1,1,13,58,11
592,484.484375,1175.36523438,1502225408.93,484.8125,1174.90673828,1,1,13,58,11
593,484.28125,1175.94897461,1502225408.93,484.484375,1175.36523438,1,1,13,58,11
594,484.09375,1176.82434082,1502225408.93,484.28125,1175.94897461,1,1,13,58,11
595,483.953125,1177.67895508,1502225408.94,484.09375,1176.82434082,1,1,13,58,11
596,483.953125,1178.80444336,1502225408.94,483.953125,1177.67895508,1,1,13,58,11
597,483.953125,1180.13842773,1502225408.95,483.953125,1178.80444336,1,1,13,58,11
598,483.953125,1181.66003418,1502225408.95,483.953125,1180.13842773,1,1,13,58,11
599,483.953125,1183.18164062,1502225408.96,483.953125,1181.66003418,1,1,13,58,11
600,483.953125,1184.97412109,1502225408.96,483.953125,1183.18164062,1,1,13,58,11
601,484.09375,1186.68334961,1502225408.96,483.953125,1184.97412109,1,1,13,58,11
602,484.359375,1188.66345215,1502225408.97,484.09375,1186.68334961,1,1,13,58,11
603,484.6875,1190.66442871,1502225408.97,484.359375,1188.66345215,1,1,13,58,11
604,485.15625,1193.04052734,1502225408.98,484.6875,1190.66442871,1,1,13,58,11
605,485.546875,1194.83312988,1502225408.98,485.15625,1193.04052734,1,1,13,58,11
606,486.140625,1197.27185059,1502225408.98,485.546875,1194.83312988,1,1,13,58,11
607,486.671875,1199.06433105,1502225408.99,486.140625,1197.27185059,1,1,13,58,11
608,559.125,1163.83886719,1502225409.18,559.796875,1163.83886719,1,1,14,59,11
609,558.46875,1163.171875,1502225409.18,559.125,1163.83886719,1,1,14,59,11
610,557.671875,1162.44238281,1502225409.18,558.46875,1163.171875,1,1,14,59,11
611,556.9375,1161.79614258,1502225409.19,557.671875,1162.44238281,1,1,14,59,11
612,556.078125,1161.19165039,1502225409.19,556.9375,1161.79614258,1,1,14,59,11
613,555.21875,1160.5246582,1502225409.2,556.078125,1161.19165039,1,1,14,59,11
614,554.28125,1159.94116211,1502225409.2,555.21875,1160.5246582,1,1,14,59,11
615,553.5,1159.39916992,1502225409.21,554.28125,1159.94116211,1,1,14,59,11
616,552.703125,1158.94067383,1502225409.21,553.5,1159.39916992,1,1,14,59,11
617,552.03125,1158.60717773,1502225409.21,552.703125,1158.94067383,1,1,14,59,11
618,551.234375,1158.33618164,1502225409.22,552.03125,1158.60717773,1,1,14,59,11
619,550.5,1158.14855957,1502225409.22,551.234375,1158.33618164,1,1,14,59,11
620,549.78125,1158.08605957,1502225409.23,550.5,1158.14855957,1,1,14,59,11
621,549.109375,1158.08605957,1502225409.23,549.78125,1158.08605957,1,1,14,59,11
622,548.453125,1158.08605957,1502225409.23,549.109375,1158.08605957,1,1,14,59,11
623,547.78125,1158.14855957,1502225409.24,548.453125,1158.08605957,1,1,14,59,11
624,547.0625,1158.66967773,1502225409.24,547.78125,1158.14855957,1,1,14,59,11
625,546.390625,1159.54504395,1502225409.25,547.0625,1158.66967773,1,1,14,59,11
626,545.53125,1161.00415039,1502225409.25,546.390625,1159.54504395,1,1,14,59,11
627,544.796875,1162.52563477,1502225409.26,545.53125,1161.00415039,1,1,14,59,11
628,544.0,1164.63085938,1502225409.26,544.796875,1162.52563477,1,1,14,59,11
629,543.40625,1166.69433594,1502225409.26,544.0,1164.63085938,1,1,14,59,11
630,542.8125,1169.19555664,1502225409.27,543.40625,1166.69433594,1,1,14,59,11
631,542.28125,1171.71765137,1502225409.27,542.8125,1169.19555664,1,1,14,59,11
632,541.8125,1174.51074219,1502225409.28,542.28125,1171.71765137,1,1,14,59,11
633,541.421875,1176.94946289,1502225409.28,541.8125,1174.51074219,1,1,14,59,11
634,541.015625,1180.2635498,1502225409.28,541.421875,1176.94946289,1,1,14,59,11
635,540.6875,1182.78564453,1502225409.29,541.015625,1180.2635498,1,1,14,59,11
636,540.21875,1185.68286133,1502225409.29,540.6875,1182.78564453,1,1,14,59,11
637,539.828125,1188.35083008,1502225409.3,540.21875,1185.68286133,1,1,14,59,11
638,539.234375,1191.51904297,1502225409.3,539.828125,1188.35083008,1,1,14,59,11
639,538.703125,1193.8326416,1502225409.31,539.234375,1191.51904297,1,1,14,59,11
640,538.09375,1196.47973633,1502225409.31,538.703125,1193.8326416,1,1,14,59,11
641,537.640625,1198.48071289,1502225409.31,538.09375,1196.47973633,1,1,14,59,11
642,537.171875,1200.79443359,1502225409.32,537.640625,1198.48071289,1,1,14,59,11
643,536.765625,1202.77453613,1502225409.32,537.171875,1200.79443359,1,1,14,59,11
644,536.578125,1204.69213867,1502225409.33,536.765625,1202.77453613,1,1,14,59,11
645,536.578125,1206.02612305,1502225409.33,536.578125,1204.69213867,1,1,14,59,11
646,536.578125,1207.48510742,1502225409.33,536.578125,1206.02612305,1,1,14,59,11
647,536.578125,1208.61071777,1502225409.34,536.578125,1207.48510742,1,1,14,59,11
648,536.90625,1209.40270996,1502225409.34,536.578125,1208.61071777,1,1,14,59,11
649,537.4375,1210.13232422,1502225409.35,536.90625,1209.40270996,1,1,14,59,11
650,538.234375,1210.65332031,1502225409.35,537.4375,1210.13232422,1,1,14,59,11
651,538.828125,1210.92431641,1502225409.36,538.234375,1210.65332031,1,1,14,59,11
652,539.5,1211.04931641,1502225409.36,538.828125,1210.92431641,1,1,14,59,11
653,532.921875,1189.72644043,1502225409.45,533.453125,1211.04931641,1,1,15,59,11
654,532.390625,1189.20532227,1502225409.46,532.921875,1189.72644043,1,1,15,59,11
655,531.796875,1188.66345215,1502225409.46,532.390625,1189.20532227,1,1,15,59,11
656,531.265625,1188.26745605,1502225409.46,531.796875,1188.66345215,1,1,15,59,11
657,530.734375,1188.07983398,1502225409.47,531.265625,1188.26745605,1,1,15,59,11
658,530.46875,1187.93395996,1502225409.47,530.734375,1188.07983398,1,1,15,59,11
659,530.328125,1187.74633789,1502225409.48,530.46875,1187.93395996,1,1,15,59,11
660,530.328125,1187.62133789,1502225409.48,530.328125,1187.74633789,1,1,15,59,11
661,530.328125,1187.5378418,1502225409.48,530.328125,1187.62133789,1,1,15,59,11
662,530.9375,1187.5378418,1502225409.49,530.328125,1187.5378418,1,1,15,59,11
663,532.1875,1187.5378418,1502225409.49,530.9375,1187.5378418,1,1,15,59,11
664,533.78125,1187.5378418,1502225409.5,532.1875,1187.5378418,1,1,15,59,11
665,536.046875,1187.5378418,1502225409.5,533.78125,1187.5378418,1,1,15,59,11
666,538.359375,1187.5378418,1502225409.51,536.046875,1187.5378418,1,1,15,59,11
667,541.015625,1187.5378418,1502225409.51,538.359375,1187.5378418,1,1,15,59,11
668,543.875,1187.5378418,1502225409.51,541.015625,1187.5378418,1,1,15,59,11
669,546.53125,1187.5378418,1502225409.52,543.875,1187.5378418,1,1,15,59,11
670,549.25,1187.5378418,1502225409.52,546.53125,1187.5378418,1,1,15,59,11
671,552.171875,1187.5378418,1502225409.53,549.25,1187.5378418,1,1,15,59,11
672,554.8125,1187.5378418,1502225409.53,552.171875,1187.5378418,1,1,15,59,11
673,586.265625,1178.34594727,1502225409.66,587.59375,1187.5378418,1,1,16,59,11
674,584.8125,1177.49133301,1502225409.66,586.265625,1178.34594727,1,1,16,59,11
675,583.421875,1176.88684082,1502225409.66,584.8125,1177.49133301,1,1,16,59,11
676,581.5,1176.49084473,1502225409.67,583.421875,1176.88684082,1,1,16,59,11
677,579.765625,1176.2824707,1502225409.67,581.5,1176.49084473,1,1,16,59,11
678,578.109375,1176.21984863,1502225409.68,579.765625,1176.2824707,1,1,16,59,11
679,576.71875,1176.21984863,1502225409.68,578.109375,1176.21984863,1,1,16,59,11
680,575.390625,1176.21984863,1502225409.69,576.71875,1176.21984863,1,1,16,59,11
681,574.0,1176.21984863,1502225409.69,575.390625,1176.21984863,1,1,16,59,11
682,572.859375,1176.42834473,1502225409.69,574.0,1176.21984863,1,1,16,59,11
683,571.671875,1177.01196289,1502225409.7,572.859375,1176.42834473,1,1,16,59,11
684,570.484375,1177.94995117,1502225409.7,571.671875,1177.01196289,1,1,16,59,11
685,569.609375,1178.80444336,1502225409.71,570.484375,1177.94995117,1,1,16,59,11
686,568.8125,1179.93005371,1502225409.71,569.609375,1178.80444336,1,1,16,59,11
687,568.015625,1181.18066406,1502225409.71,568.8125,1179.93005371,1,1,16,59,11
688,567.625,1182.45214844,1502225409.72,568.015625,1181.18066406,1,1,16,59,11
689,567.234375,1183.76525879,1502225409.72,567.625,1182.45214844,1,1,16,59,11
690,567.09375,1185.03662109,1502225409.73,567.234375,1183.76525879,1,1,16,59,11
691,567.09375,1186.16223145,1502225409.73,567.09375,1185.03662109,1,1,16,59,11
692,567.09375,1187.2878418,1502225409.74,567.09375,1186.16223145,1,1,16,59,11
693,567.296875,1188.20483398,1502225409.74,567.09375,1187.2878418,1,1,16,59,11
694,567.953125,1189.05944824,1502225409.74,567.296875,1188.20483398,1,1,16,59,11
695,568.75,1189.72644043,1502225409.75,567.953125,1189.05944824,1,1,16,59,11
696,570.015625,1190.33093262,1502225409.75,568.75,1189.72644043,1,1,16,59,11
697,571.28125,1190.72692871,1502225409.76,570.015625,1190.33093262,1,1,16,59,11
698,572.671875,1190.9979248,1502225409.76,571.28125,1190.72692871,1,1,16,59,11
699,574.328125,1191.12304688,1502225409.76,572.671875,1190.9979248,1,1,16,59,11
700,575.78125,1191.18554688,1502225409.77,574.328125,1191.12304688,1,1,16,59,11
701,577.515625,1191.18554688,1502225409.77,575.78125,1191.18554688,1,1,16,59,11
702,578.96875,1191.18554688,1502225409.78,577.515625,1191.18554688,1,1,16,59,11
703,580.171875,1191.0604248,1502225409.78,578.96875,1191.18554688,1,1,16,59,11
704,581.5625,1190.51855469,1502225409.79,580.171875,1191.0604248,1,1,16,59,11
705,582.953125,1189.93493652,1502225409.79,581.5625,1190.51855469,1,1,16,59,11
706,584.078125,1189.33044434,1502225409.79,582.953125,1189.93493652,1,1,16,59,11
707,585.203125,1188.66345215,1502225409.8,584.078125,1189.33044434,1,1,16,59,11
708,586.265625,1187.93395996,1502225409.8,585.203125,1188.66345215,1,1,16,59,11
709,587.203125,1187.22521973,1502225409.81,586.265625,1187.93395996,1,1,16,59,11
710,587.921875,1186.68334961,1502225409.81,587.203125,1187.22521973,1,1,16,59,11
711,588.53125,1186.16223145,1502225409.81,587.921875,1186.68334961,1,1,16,59,11
712,588.921875,1185.82873535,1502225409.82,588.53125,1186.16223145,1,1,16,59,11
713,589.25,1185.49523926,1502225409.82,588.921875,1185.82873535,1,1,16,59,11
714,589.453125,1185.28686523,1502225409.83,589.25,1185.49523926,1,1,16,59,11
715,589.515625,1185.16174316,1502225409.83,589.453125,1185.28686523,1,1,16,59,11
716,589.59375,1185.16174316,1502225409.84,589.515625,1185.16174316,1,1,16,59,11
717,589.65625,1185.16174316,1502225409.84,589.59375,1185.16174316,1,1,16,59,11
718,589.65625,1185.22424316,1502225409.84,589.65625,1185.16174316,1,1,16,59,11
719,589.65625,1185.89123535,1502225409.85,589.65625,1185.22424316,1,1,16,59,11
720,589.59375,1187.0793457,1502225409.85,589.65625,1185.89123535,1,1,16,59,11
721,589.1875,1188.35083008,1502225409.86,589.59375,1187.0793457,1,1,16,59,11
722,588.59375,1189.99743652,1502225409.86,589.1875,1188.35083008,1,1,16,59,11
723,587.921875,1191.91503906,1502225409.86,588.59375,1189.99743652,1,1,16,59,11
724,587.203125,1193.8326416,1502225409.87,587.921875,1191.91503906,1,1,16,59,11
725,586.265625,1196.29223633,1502225409.87,587.203125,1193.8326416,1,1,16,59,11
726,585.34375,1198.73083496,1502225409.88,586.265625,1196.29223633,1,1,16,59,11
727,584.484375,1201.19042969,1502225409.88,585.34375,1198.73083496,1,1,16,59,11
728,583.546875,1204.10852051,1502225409.89,584.484375,1201.19042969,1,1,16,59,11
729,582.6875,1206.9432373,1502225409.89,583.546875,1204.10852051,1,1,16,59,11
730,581.828125,1210.19482422,1502225409.89,582.6875,1206.9432373,1,1,16,59,11
731,581.234375,1212.71679688,1502225409.9,581.828125,1210.19482422,1,1,16,59,11
732,580.5625,1216.21850586,1502225409.9,581.234375,1212.71679688,1,1,16,59,11
733,580.03125,1218.80322266,1502225409.91,580.5625,1216.21850586,1,1,16,59,11
734,579.5,1221.78381348,1502225409.91,580.03125,1218.80322266,1,1,16,59,11
735,578.90625,1224.7019043,1502225409.91,579.5,1221.78381348,1,1,16,59,11
736,578.234375,1227.140625,1502225409.92,578.90625,1224.7019043,1,1,16,59,11
737,577.578125,1229.39160156,1502225409.92,578.234375,1227.140625,1,1,16,59,11
738,576.78125,1231.5177002,1502225409.93,577.578125,1229.39160156,1,1,16,59,11
739,576.1875,1233.03930664,1502225409.93,576.78125,1231.5177002,1,1,16,59,11
740,575.453125,1234.43579102,1502225409.94,576.1875,1233.03930664,1,1,16,59,11
741,574.796875,1235.47802734,1502225409.94,575.453125,1234.43579102,1,1,16,59,11
742,574.125,1236.20751953,1502225409.94,574.796875,1235.47802734,1,1,16,59,11
743,573.53125,1236.68688965,1502225409.95,574.125,1236.20751953,1,1,16,59,11
744,572.9375,1236.93701172,1502225409.95,573.53125,1236.68688965,1,1,16,59,11
745,572.40625,1236.93701172,1502225409.96,572.9375,1236.93701172,1,1,16,59,11
746,571.8125,1236.93701172,1502225409.96,572.40625,1236.93701172,1,1,16,59,11
747,571.28125,1236.41589355,1502225409.96,571.8125,1236.93701172,1,1,16,59,11
748,570.671875,1235.35290527,1502225409.97,571.28125,1236.41589355,1,1,16,59,11
749,570.078125,1234.0189209,1502225409.97,570.671875,1235.35290527,1,1,16,59,11
750,569.546875,1232.43481445,1502225409.98,570.078125,1234.0189209,1,1,16,59,11
751,569.15625,1230.72558594,1502225409.98,569.546875,1232.43481445,1,1,16,59,11
752,568.890625,1228.53710938,1502225409.99,569.15625,1230.72558594,1,1,16,59,11
753,568.6875,1226.01501465,1502225409.99,568.890625,1228.53710938,1,1,16,59,11
754,568.6875,1223.49291992,1502225409.99,568.6875,1226.01501465,1,1,16,59,11
755,568.6875,1221.17932129,1502225410.0,568.6875,1223.49291992,1,1,16,59,11
756,569.15625,1218.19873047,1502225410.0,568.6875,1221.17932129,1,1,16,59,11
757,569.953125,1216.01013184,1502225410.01,569.15625,1218.19873047,1,1,16,59,11
758,571.140625,1213.36303711,1502225410.01,569.953125,1216.01013184,1,1,16,59,11
759,572.59375,1210.71582031,1502225410.01,571.140625,1213.36303711,1,1,16,59,11
760,574.1875,1208.27722168,1502225410.02,572.59375,1210.71582031,1,1,16,59,11
761,575.921875,1205.88012695,1502225410.02,574.1875,1208.27722168,1,1,16,59,11
762,578.046875,1203.23303223,1502225410.03,575.921875,1205.88012695,1,1,16,59,11
763,579.640625,1201.37792969,1502225410.03,578.046875,1203.23303223,1,1,16,59,11
764,620.96875,1167.88244629,1502225410.15,620.90625,1201.37792969,1,1,17,59,11
765,620.96875,1166.75695801,1502225410.15,620.96875,1167.88244629,1,1,17,59,11
766,620.96875,1166.36083984,1502225410.16,620.96875,1166.75695801,1,1,17,59,11
767,620.640625,1166.15246582,1502225410.16,620.96875,1166.36083984,1,1,17,59,11
768,620.046875,1166.15246582,1502225410.16,620.640625,1166.15246582,1,1,17,59,11
769,619.453125,1166.15246582,1502225410.17,620.046875,1166.15246582,1,1,17,59,11
770,619.046875,1166.15246582,1502225410.17,619.453125,1166.15246582,1,1,17,59,11
771,618.71875,1166.29833984,1502225410.18,619.046875,1166.15246582,1,1,17,59,11
772,618.453125,1166.54846191,1502225410.18,618.71875,1166.29833984,1,1,17,59,11
773,618.125,1167.02783203,1502225410.19,618.453125,1166.54846191,1,1,17,59,11
774,617.78125,1167.5489502,1502225410.19,618.125,1167.02783203,1,1,17,59,11
775,617.328125,1168.27856445,1502225410.19,617.78125,1167.5489502,1,1,17,59,11
776,616.859375,1168.94555664,1502225410.2,617.328125,1168.27856445,1,1,17,59,11
777,616.265625,1169.86254883,1502225410.2,616.859375,1168.94555664,1,1,17,59,11
778,615.59375,1170.80053711,1502225410.21,616.265625,1169.86254883,1,1,17,59,11
779,614.734375,1171.86352539,1502225410.21,615.59375,1170.80053711,1,1,17,59,11
780,613.671875,1173.05163574,1502225410.21,614.734375,1171.86352539,1,1,17,59,11
781,612.546875,1174.42736816,1502225410.22,613.671875,1173.05163574,1,1,17,59,11
782,611.421875,1175.88635254,1502225410.22,612.546875,1174.42736816,1,1,17,59,11
783,609.953125,1177.74145508,1502225410.23,611.421875,1175.88635254,1,1,17,59,11
784,608.703125,1179.47143555,1502225410.23,609.953125,1177.74145508,1,1,17,59,11
785,607.375,1181.66003418,1502225410.24,608.703125,1179.47143555,1,1,17,59,11
786,606.171875,1183.70263672,1502225410.24,607.375,1181.66003418,1,1,17,59,11
